Algorytm,P1,Funkcja testowa,Liczba parametrów,Liczba iteracji,Rozmiar populacji,Znalezione minimum,Odchylenie std parametrów,Wartość funkcji celu,Wartość funkcji celu (najgorsza),Odchylenie std funkcji celu
GTOA,10000,Sphere,2,5,10,"(0.0800, -0.0387)","(0.3284, 0.2629)",7.891e-03,9.909e-01,0.289
GTOA,10000,Sphere,2,10,10,"(0.0004, 0.0002)","(0.0098, 0.0080)",2.329e-07,1.236e-03,0.000
GTOA,10000,Sphere,2,20,10,"(0.0000, -0.0000)","(0.0000, 0.0000)",5.090e-15,1.227e-12,0.000
GTOA,10000,Sphere,2,40,10,"(-0.0000, 0.0000)","(0.0000, 0.0000)",9.596e-32,2.624e-27,0.000
GTOA,10000,Sphere,2,60,10,"(0.0000, 0.0000)","(0.0000, 0.0000)",1.093e-47,2.461e-43,0.000
GTOA,10000,Sphere,2,80,10,"(0.0000, 0.0000)","(0.0000, 0.0000)",9.297e-65,6.362e-58,0.000
GTOA,10000,Sphere,2,5,20,"(0.0233, -0.0268)","(0.1014, 0.0695)",1.262e-03,6.650e-02,0.018
GTOA,10000,Sphere,2,10,20,"(-0.0002, -0.0001)","(0.0013, 0.0010)",2.669e-08,1.272e-05,0.000
GTOA,10000,Sphere,2,20,20,"(0.0000, 0.0000)","(0.0000, 0.0000)",4.915e-18,6.078e-14,0.000
GTOA,10000,Sphere,2,40,20,"(-0.0000, 0.0000)","(0.0000, 0.0000)",6.819e-34,1.223e-30,0.000
GTOA,10000,Sphere,2,60,20,"(-0.0000, -0.0000)","(0.0000, 0.0000)",4.110e-52,3.280e-47,0.000
GTOA,10000,Sphere,2,80,20,"(0.0000, -0.0000)","(0.0000, 0.0000)",1.556e-69,1.175e-64,0.000
GTOA,10000,Sphere,2,5,40,"(-0.0342, 0.0152)","(0.0453, 0.0652)",1.404e-03,1.727e-02,0.005
GTOA,10000,Sphere,2,10,40,"(-0.0000, 0.0000)","(0.0003, 0.0004)",3.077e-09,1.737e-06,0.000
GTOA,10000,Sphere,2,20,40,"(-0.0000, -0.0000)","(0.0000, 0.0000)",5.015e-18,9.053e-15,0.000
GTOA,10000,Sphere,2,40,40,"(-0.0000, 0.0000)","(0.0000, 0.0000)",1.825e-35,2.696e-31,0.000
GTOA,10000,Sphere,2,60,40,"(-0.0000, -0.0000)","(0.0000, 0.0000)",2.890e-53,3.523e-49,0.000
GTOA,10000,Sphere,2,80,40,"(-0.0000, -0.0000)","(0.0000, 0.0000)",5.879e-71,4.762e-68,0.000
GTOA,10000,Sphere,2,5,80,"(-0.0101, 0.0039)","(0.0221, 0.0212)",1.170e-04,3.245e-03,0.001
GTOA,10000,Sphere,2,10,80,"(0.0000, -0.0000)","(0.0001, 0.0001)",8.685e-10,2.353e-08,0.000
GTOA,10000,Sphere,2,20,80,"(0.0000, -0.0000)","(0.0000, 0.0000)",1.661e-18,1.453e-16,0.000
GTOA,10000,Sphere,2,40,80,"(0.0000, -0.0000)","(0.0000, 0.0000)",1.666e-37,1.172e-34,0.000
GTOA,10000,Sphere,2,60,80,"(0.0000, -0.0000)","(0.0000, 0.0000)",1.808e-55,1.875e-52,0.000
GTOA,10000,Sphere,2,80,80,"(-0.0000, 0.0000)","(0.0000, 0.0000)",6.585e-57,1.186e-54,0.000
GTOA,25000,Sphere,5,5,10,"(-0.0861, -0.5313, -0.0116, -0.1538, -0.1525)","(2.5186, 1.0090, 1.0639, 0.6763, 1.2812)",3.367e-01,8.616e+01,24.841
GTOA,25000,Sphere,5,10,10,"(-0.0001, -0.0024, -0.0013, -0.0028, 0.0021)","(0.1081, 0.0244, 0.0301, 0.0345, 0.0550)",1.969e-05,1.613e-01,0.047
GTOA,25000,Sphere,5,20,10,"(-0.0000, -0.0000, 0.0000, -0.0000, 0.0000)","(0.0000, 0.0000, 0.0000, 0.0000, 0.0000)",2.725e-12,2.920e-08,0.000
GTOA,25000,Sphere,5,40,10,"(-0.0000, 0.0000, 0.0000, -0.0000, 0.0000)","(0.0000, 0.0000, 0.0000, 0.0000, 0.0000)",8.846e-27,5.025e-21,0.000
GTOA,25000,Sphere,5,60,10,"(0.0000, 0.0000, -0.0000, 0.0000, -0.0000)","(0.0000, 0.0000, 0.0000, 0.0000, 0.0000)",1.425e-40,8.691e-34,0.000
GTOA,25000,Sphere,5,80,10,"(0.0000, -0.0000, -0.0000, 0.0000, -0.0000)","(0.0000, 0.0000, 0.0000, 0.0000, 0.0000)",4.310e-54,1.692e-47,0.000
GTOA,25000,Sphere,5,5,20,"(0.1399, -0.2578, -0.1626, 0.1096, -0.1069)","(0.9294, 0.8608, 0.7372, 0.6754, 0.5930)",1.359e-01,1.192e+01,4.222
GTOA,25000,Sphere,5,10,20,"(0.0056, -0.0014, 0.0015, -0.0078, 0.0088)","(0.0236, 0.0200, 0.0115, 0.0181, 0.0133)",1.741e-04,5.784e-03,0.002
GTOA,25000,Sphere,5,20,20,"(-0.0000, 0.0000, 0.0000, 0.0000, -0.0000)","(0.0000, 0.0000, 0.0000, 0.0000, 0.0000)",7.507e-12,2.970e-09,0.000
GTOA,25000,Sphere,5,40,20,"(-0.0000, 0.0000, -0.0000, -0.0000, 0.0000)","(0.0000, 0.0000, 0.0000, 0.0000, 0.0000)",5.159e-25,3.291e-23,0.000
GTOA,25000,Sphere,5,60,20,"(0.0000, -0.0000, -0.0000, -0.0000, 0.0000)","(0.0000, 0.0000, 0.0000, 0.0000, 0.0000)",1.358e-38,5.038e-36,0.000
GTOA,25000,Sphere,5,80,20,"(-0.0000, 0.0000, 0.0000, -0.0000, 0.0000)","(0.0000, 0.0000, 0.0000, 0.0000, 0.0000)",1.885e-52,7.764e-50,0.000
GTOA,25000,Sphere,5,5,40,"(0.0999, 0.1302, 0.1354, 0.0523, -0.0298)","(0.3223, 0.3896, 0.2417, 0.2918, 0.3261)",4.889e-02,1.645e+00,0.531
GTOA,25000,Sphere,5,10,40,"(-0.0030, 0.0014, 0.0000, 0.0009, 0.0006)","(0.0040, 0.0037, 0.0068, 0.0029, 0.0051)",1.225e-05,2.597e-04,0.000
GTOA,25000,Sphere,5,20,40,"(-0.0000, 0.0000, -0.0000, -0.0000, -0.0000)","(0.0000, 0.0000, 0.0000, 0.0000, 0.0000)",8.871e-13,5.698e-11,0.000
GTOA,25000,Sphere,5,40,40,"(0.0000, 0.0000, 0.0000, 0.0000, 0.0000)","(0.0000, 0.0000, 0.0000, 0.0000, 0.0000)",1.577e-27,1.964e-25,0.000
GTOA,25000,Sphere,5,60,40,"(-0.0000, 0.0000, -0.0000, 0.0000, 0.0000)","(0.0000, 0.0000, 0.0000, 0.0000, 0.0000)",2.801e-42,2.423e-39,0.000
GTOA,25000,Sphere,5,80,40,"(0.0000, -0.0000, 0.0000, -0.0000, 0.0000)","(0.0000, 0.0000, 0.0000, 0.0000, 0.0000)",5.879e-56,4.596e-54,0.000
GTOA,25000,Sphere,5,5,80,"(-0.0101, -0.0814, 0.0208, 0.0477, 0.1084)","(0.1500, 0.1380, 0.1330, 0.1865, 0.1986)",2.119e-02,5.031e-01,0.136
GTOA,25000,Sphere,5,10,80,"(-0.0015, 0.0007, -0.0002, 0.0010, 0.0015)","(0.0011, 0.0029, 0.0016, 0.0027, 0.0016)",5.922e-06,6.578e-05,0.000
GTOA,25000,Sphere,5,20,80,"(-0.0000, 0.0000, -0.0000, 0.0000, -0.0000)","(0.0000, 0.0000, 0.0000, 0.0000, 0.0000)",8.617e-14,1.272e-12,0.000
GTOA,25000,Sphere,5,40,80,"(-0.0000, -0.0000, 0.0000, -0.0000, 0.0000)","(0.0000, 0.0000, 0.0000, 0.0000, 0.0000)",8.677e-29,2.483e-27,0.000
GTOA,25000,Sphere,5,60,80,"(0.0000, -0.0000, -0.0000, -0.0000, -0.0000)","(0.0000, 0.0000, 0.0000, 0.0000, 0.0000)",3.841e-45,2.411e-42,0.000
GTOA,25000,Sphere,5,80,80,"(0.0000, 0.0000, 0.0000, -0.0000, -0.0000)","(0.0000, 0.0000, 0.0000, 0.0000, 0.0000)",3.605e-60,5.795e-57,0.000
GTOA,50000,Sphere,10,5,10,"(-0.3090, -0.4992, -1.0075, -0.1574, -0.4355, 0.0745, 0.7017, -0.3571, -0.2596, 0.3855)","(1.1858, 1.0672, 1.0316, 1.1808, 1.4373, 0.9690, 2.4152, 1.7826, 1.2601, 0.5418)",2.416e+00,1.385e+02,39.711
GTOA,50000,Sphere,10,10,10,"(-0.0020, 0.0085, -0.0023, -0.0008, -0.0001, 0.0026, -0.0065, 0.0005, -0.0078, -0.0042)","(0.0486, 0.0259, 0.0588, 0.0618, 0.0276, 0.0466, 0.0537, 0.0360, 0.0625, 0.0289)",2.106e-04,1.256e-01,0.038
GTOA,50000,Sphere,10,20,10,"(0.0000, -0.0000, 0.0000, 0.0000, 0.0000, -0.0000, -0.0000, 0.0000, 0.0000, -0.0000)","(0.0000, 0.0000, 0.0000, 0.0001, 0.0000, 0.0000, 0.0000, 0.0000, 0.0000, 0.0001)",2.940e-10,1.140e-07,0.000
GTOA,50000,Sphere,10,40,10,"(-0.0000, 0.0000, -0.0000, -0.0000, 0.0000, 0.0000, -0.0000, -0.0000, 0.0000, -0.0000)","(0.0000, 0.0000, 0.0000, 0.0000, 0.0000, 0.0000, 0.0000, 0.0000, 0.0000, 0.0000)",1.607e-24,1.989e-20,0.000
GTOA,50000,Sphere,10,60,10,"(0.0000, -0.0000, 0.0000, -0.0000, 0.0000, 0.0000, 0.0000, -0.0000, 0.0000, 0.0000)","(0.0000, 0.0000, 0.0000, 0.0000, 0.0000, 0.0000, 0.0000, 0.0000, 0.0000, 0.0000)",1.772e-37,2.073e-33,0.000
GTOA,50000,Sphere,10,80,10,"(-0.0000, 0.0000, -0.0000, -0.0000, -0.0000, -0.0000, -0.0000, 0.0000, -0.0000, 0.0000)","(0.0000, 0.0000, 0.0000, 0.0000, 0.0000, 0.0000, 0.0000, 0.0000, 0.0000, 0.0000)",1.201e-50,1.941e-44,0.000
GTOA,50000,Sphere,10,5,20,"(-0.1118, 0.0851, 0.1677, 0.2075, -0.2193, -0.3040, -0.1490, -0.0929, 0.2338, -0.1036)","(0.6284, 0.6783, 1.1196, 0.8285, 0.5069, 1.3179, 0.5952, 0.9602, 0.7944, 0.3591)",3.277e-01,2.174e+01,6.551
GTOA,50000,Sphere,10,10,20,"(0.0054, 0.0026, 0.0013, 0.0070, 0.0051, -0.0012, -0.0093, -0.0068, 0.0052, -0.0055)","(0.0145, 0.0111, 0.0174, 0.0151, 0.0096, 0.0174, 0.0125, 0.0098, 0.0088, 0.0168)",3.044e-04,8.811e-03,0.002
GTOA,50000,Sphere,10,20,20,"(-0.0000, -0.0000, -0.0000, 0.0000, -0.0000, 0.0000, -0.0000, -0.0000, 0.0000, 0.0000)","(0.0000, 0.0000, 0.0000, 0.0000, 0.0000, 0.0000, 0.0000, 0.0000, 0.0000, 0.0000)",5.614e-11,3.293e-09,0.000
GTOA,50000,Sphere,10,40,20,"(-0.0000, 0.0000, 0.0000, -0.0000, -0.0000, 0.0000, -0.0000, -0.0000, 0.0000, -0.0000)","(0.0000, 0.0000, 0.0000, 0.0000, 0.0000, 0.0000, 0.0000, 0.0000, 0.0000, 0.0000)",4.368e-24,2.111e-22,0.000
GTOA,50000,Sphere,10,60,20,"(0.0000, -0.0000, -0.0000, 0.0000, -0.0000, -0.0000, -0.0000, -0.0000, -0.0000, -0.0000)","(0.0000, 0.0000, 0.0000, 0.0000, 0.0000, 0.0000, 0.0000, 0.0000, 0.0000, 0.0000)",4.911e-39,1.640e-35,0.000
GTOA,50000,Sphere,10,80,20,"(-0.0000, 0.0000, -0.0000, 0.0000, -0.0000, -0.0000, 0.0000, 0.0000, 0.0000, 0.0000)","(0.0000, 0.0000, 0.0000, 0.0000, 0.0000, 0.0000, 0.0000, 0.0000, 0.0000, 0.0000)",4.113e-52,1.986e-48,0.000
GTOA,50000,Sphere,10,5,40,"(-0.1225, -0.0209, 0.0125, -0.0023, 0.1042, 0.2451, 0.0060, 0.0861, 0.1466, 0.1845)","(0.4157, 0.5939, 0.4869, 0.4569, 0.3544, 0.5506, 0.4122, 0.4093, 0.5103, 0.7939)",1.495e-01,5.386e+00,1.428
GTOA,50000,Sphere,10,10,40,"(0.0045, -0.0035, -0.0052, -0.0013, -0.0035, -0.0018, 0.0022, 0.0037, 0.0017, 0.0035)","(0.0073, 0.0130, 0.0102, 0.0092, 0.0119, 0.0125, 0.0108, 0.0107, 0.0114, 0.0126)",1.102e-04,2.518e-03,0.001
GTOA,50000,Sphere,10,20,40,"(0.0000, 0.0000, 0.0000, -0.0000, 0.0000, 0.0000, -0.0000, -0.0000, 0.0000, 0.0000)","(0.0000, 0.0000, 0.0000, 0.0000, 0.0000, 0.0000, 0.0000, 0.0000, 0.0000, 0.0000)",4.168e-12,6.613e-10,0.000
GTOA,50000,Sphere,10,40,40,"(-0.0000, 0.0000, -0.0000, 0.0000, -0.0000, 0.0000, -0.0000, 0.0000, 0.0000, 0.0000)","(0.0000, 0.0000, 0.0000, 0.0000, 0.0000, 0.0000, 0.0000, 0.0000, 0.0000, 0.0000)",5.588e-26,4.375e-24,0.000
GTOA,50000,Sphere,10,60,40,"(0.0000, 0.0000, 0.0000, 0.0000, 0.0000, 0.0000, 0.0000, 0.0000, 0.0000, -0.0000)","(0.0000, 0.0000, 0.0000, 0.0000, 0.0000, 0.0000, 0.0000, 0.0000, 0.0000, 0.0000)",3.411e-40,1.315e-37,0.000
GTOA,50000,Sphere,10,80,40,"(-0.0000, 0.0000, -0.0000, -0.0000, -0.0000, -0.0000, 0.0000, -0.0000, 0.0000, -0.0000)","(0.0000, 0.0000, 0.0000, 0.0000, 0.0000, 0.0000, 0.0000, 0.0000, 0.0000, 0.0000)",1.886e-54,3.632e-51,0.000
GTOA,50000,Sphere,10,5,80,"(-0.1759, -0.0504, -0.1558, -0.2542, -0.2555, -0.1193, 0.1453, 0.4226, 0.3045, -0.1696)","(0.3700, 0.4788, 0.4106, 0.3860, 0.4661, 0.3472, 0.3628, 0.3272, 0.4408, 0.1986)",5.231e-01,3.523e+00,0.964
GTOA,50000,Sphere,10,10,80,"(0.0091, -0.0002, -0.0010, -0.0023, 0.0003, 0.0045, 0.0039, 0.0030, 0.0018, 0.0019)","(0.0052, 0.0049, 0.0054, 0.0056, 0.0054, 0.0049, 0.0081, 0.0033, 0.0056, 0.0048)",1.398e-04,7.085e-04,0.000
GTOA,50000,Sphere,10,20,80,"(-0.0000, 0.0000, -0.0000, 0.0000, 0.0000, 0.0000, -0.0000, -0.0000, 0.0000, -0.0000)","(0.0000, 0.0000, 0.0000, 0.0000, 0.0000, 0.0000, 0.0000, 0.0000, 0.0000, 0.0000)",4.072e-12,4.977e-11,0.000
GTOA,50000,Sphere,10,40,80,"(-0.0000, -0.0000, -0.0000, 0.0000, 0.0000, -0.0000, 0.0000, -0.0000, 0.0000, 0.0000)","(0.0000, 0.0000, 0.0000, 0.0000, 0.0000, 0.0000, 0.0000, 0.0000, 0.0000, 0.0000)",2.787e-27,4.484e-26,0.000
GTOA,50000,Sphere,10,60,80,"(-0.0000, 0.0000, -0.0000, -0.0000, -0.0000, -0.0000, 0.0000, -0.0000, 0.0000, -0.0000)","(0.0000, 0.0000, 0.0000, 0.0000, 0.0000, 0.0000, 0.0000, 0.0000, 0.0000, 0.0000)",1.422e-42,2.403e-40,0.000
GTOA,50000,Sphere,10,80,80,"(-0.0000, 0.0000, 0.0000, 0.0000, -0.0000, 0.0000, -0.0000, 0.0000, -0.0000, -0.0000)","(0.0000, 0.0000, 0.0000, 0.0000, 0.0000, 0.0000, 0.0000, 0.0000, 0.0000, 0.0000)",1.050e-57,9.132e-55,0.000
GTOA,100000,Sphere,20,5,10,"(-0.1087, -0.2177, 0.8635, 0.6127, 0.2436, 0.3908, 0.2072, -0.3148, -0.4222, -0.8136, 0.0119, 0.1878, -0.3586, 0.2348, -0.2425, 0.6134, 0.0728, -0.3131, 0.5234, 0.2526)","(2.3105, 1.7581, 0.8363, 2.6787, 0.8091, 0.8828, 2.1965, 1.4091, 1.1247, 0.8183, 0.5186, 0.8443, 0.9463, 2.0046, 1.8451, 0.9772, 2.3248, 1.3282, 1.4406, 1.3764)",3.470e+00,2.500e+02,69.355
GTOA,100000,Sphere,20,10,10,"(-0.0075, 0.0102, -0.0155, 0.0180, 0.0154, 0.0212, -0.0023, 0.0143, 0.0069, 0.0081, 0.0027, -0.0033, -0.0049, -0.0100, -0.0236, 0.0067, -0.0113, 0.0088, -0.0141, 0.0078)","(0.0565, 0.0456, 0.0469, 0.1072, 0.0446, 0.1124, 0.0596, 0.0604, 0.0344, 0.0517, 0.0823, 0.0292, 0.0671, 0.0447, 0.0454, 0.1196, 0.0364, 0.0563, 0.0387, 0.0556)",2.947e-03,6.827e-01,0.198
GTOA,100000,Sphere,20,20,10,"(0.0000, 0.0000, 0.0000, 0.0000, -0.0000, -0.0000, -0.0000, 0.0000, -0.0000, 0.0000, 0.0000, 0.0000, 0.0000, -0.0000, -0.0000, 0.0000, 0.0000, -0.0000, -0.0000, 0.0000)","(0.0000, 0.0000, 0.0000, 0.0000, 0.0000, 0.0000, 0.0000, 0.0001, 0.0000, 0.0000, 0.0000, 0.0000, 0.0000, 0.0000, 0.0000, 0.0001, 0.0000, 0.0000, 0.0001, 0.0000)",1.284e-10,2.256e-07,0.000
GTOA,100000,Sphere,20,40,10,"(0.0000, -0.0000, -0.0000, 0.0000, -0.0000, 0.0000, 0.0000, -0.0000, -0.0000, 0.0000, 0.0000, -0.0000, 0.0000, -0.0000, 0.0000, 0.0000, 0.0000, 0.0000, -0.0000, 0.0000)","(0.0000, 0.0000, 0.0000, 0.0000, 0.0000, 0.0000, 0.0000, 0.0000, 0.0000, 0.0000, 0.0000, 0.0000, 0.0000, 0.0000, 0.0000, 0.0000, 0.0000, 0.0000, 0.0000, 0.0000)",6.300e-24,5.213e-21,0.000
GTOA,100000,Sphere,20,60,10,"(0.0000, 0.0000, -0.0000, -0.0000, -0.0000, -0.0000, 0.0000, -0.0000, -0.0000, 0.0000, 0.0000, -0.0000, -0.0000, 0.0000, -0.0000, -0.0000, 0.0000, -0.0000, 0.0000, 0.0000)","(0.0000, 0.0000, 0.0000, 0.0000, 0.0000, 0.0000, 0.0000, 0.0000, 0.0000, 0.0000, 0.0000, 0.0000, 0.0000, 0.0000, 0.0000, 0.0000, 0.0000, 0.0000, 0.0000, 0.0000)",1.251e-36,1.873e-34,0.000
GTOA,100000,Sphere,20,80,10,"(0.0000, 0.0000, 0.0000, -0.0000, -0.0000, 0.0000, 0.0000, -0.0000, -0.0000, 0.0000, 0.0000, -0.0000, 0.0000, 0.0000, 0.0000, -0.0000, 0.0000, -0.0000, 0.0000, -0.0000)","(0.0000, 0.0000, 0.0000, 0.0000, 0.0000, 0.0000, 0.0000, 0.0000, 0.0000, 0.0000, 0.0000, 0.0000, 0.0000, 0.0000, 0.0000, 0.0000, 0.0000, 0.0000, 0.0000, 0.0000)",2.974e-50,4.079e-47,0.000
GTOA,100000,Sphere,20,5,20,"(0.0313, 0.0080, -0.0119, -0.0510, 0.3173, -0.3813, -0.2292, -0.2407, 0.0048, 0.1213, -0.1580, 0.1291, 0.5715, 0.6734, 0.0450, 0.7909, -0.2069, 0.0936, 0.1437, -0.0419)","(0.7288, 0.6590, 1.2581, 0.7444, 0.9304, 0.9191, 0.7786, 0.7217, 0.8543, 0.9408, 1.4017, 0.7489, 1.1293, 1.2470, 0.6612, 1.6492, 1.1671, 1.4073, 0.7865, 0.5535)",1.898e+00,7.329e+01,21.095
GTOA,100000,Sphere,20,10,20,"(0.0179, -0.0032, -0.0037, -0.0114, -0.0031, 0.0001, 0.0112, -0.0007, -0.0097, 0.0018, 0.0054, -0.0053, 0.0016, -0.0052, -0.0062, 0.0084, -0.0014, -0.0073, -0.0140, 0.0060)","(0.0110, 0.0286, 0.0156, 0.0566, 0.0238, 0.0350, 0.0155, 0.0226, 0.0558, 0.0115, 0.0391, 0.0282, 0.0290, 0.0222, 0.0226, 0.0176, 0.0246, 0.0275, 0.0340, 0.0171)",1.191e-03,1.316e-01,0.038
GTOA,100000,Sphere,20,20,20,"(0.0000, 0.0000, -0.0000, -0.0000, -0.0000, -0.0000, 0.0000, -0.0000, -0.0000, -0.0000, 0.0000, -0.0000, -0.0000, -0.0000, -0.0000, 0.0000, -0.0000, -0.0000, 0.0000, 0.0000)","(0.0000, 0.0000, 0.0000, 0.0000, 0.0000, 0.0000, 0.0000, 0.0000, 0.0000, 0.0000, 0.0000, 0.0000, 0.0000, 0.0000, 0.0000, 0.0000, 0.0000, 0.0000, 0.0000, 0.0000)",1.749e-10,1.858e-08,0.000
GTOA,100000,Sphere,20,40,20,"(0.0000, -0.0000, -0.0000, -0.0000, -0.0000, -0.0000, 0.0000, 0.0000, 0.0000, -0.0000, -0.0000, -0.0000, -0.0000, 0.0000, 0.0000, 0.0000, -0.0000, -0.0000, -0.0000, -0.0000)","(0.0000, 0.0000, 0.0000, 0.0000, 0.0000, 0.0000, 0.0000, 0.0000, 0.0000, 0.0000, 0.0000, 0.0000, 0.0000, 0.0000, 0.0000, 0.0000, 0.0000, 0.0000, 0.0000, 0.0000)",4.418e-24,1.023e-21,0.000
GTOA,100000,Sphere,20,60,20,"(-0.0000, 0.0000, -0.0000, 0.0000, -0.0000, 0.0000, -0.0000, -0.0000, -0.0000, 0.0000, -0.0000, 0.0000, 0.0000, 0.0000, 0.0000, 0.0000, 0.0000, 0.0000, -0.0000, -0.0000)","(0.0000, 0.0000, 0.0000, 0.0000, 0.0000, 0.0000, 0.0000, 0.0000, 0.0000, 0.0000, 0.0000, 0.0000, 0.0000, 0.0000, 0.0000, 0.0000, 0.0000, 0.0000, 0.0000, 0.0000)",1.367e-38,2.033e-35,0.000
GTOA,100000,Sphere,20,80,20,"(-0.0000, -0.0000, 0.0000, -0.0000, -0.0000, 0.0000, 0.0000, 0.0000, 0.0000, 0.0000, -0.0000, 0.0000, 0.0000, -0.0000, -0.0000, -0.0000, -0.0000, 0.0000, 0.0000, 0.0000)","(0.0000, 0.0000, 0.0000, 0.0000, 0.0000, 0.0000, 0.0000, 0.0000, 0.0000, 0.0000, 0.0000, 0.0000, 0.0000, 0.0000, 0.0000, 0.0000, 0.0000, 0.0000, 0.0000, 0.0000)",2.000e-53,5.041e-48,0.000
GTOA,100000,Sphere,20,5,40,"(-0.3413, -0.2507, 0.1845, 0.2454, -0.6737, 0.2570, 0.0796, -0.6883, -0.3170, -0.0507, -0.3981, 0.4026, -0.3196, -0.1479, -0.0402, -0.3177, 0.1814, -0.0281, -0.5404, -0.1424)","(0.6285, 0.6255, 0.3787, 0.4650, 0.4060, 0.4455, 0.5546, 0.9558, 0.4912, 0.4087, 0.7068, 0.5854, 0.2936, 0.6689, 0.6681, 0.6992, 0.6631, 0.7704, 0.7205, 0.7670)",2.270e+00,2.412e+01,6.604
GTOA,100000,Sphere,20,10,40,"(-0.0046, -0.0040, 0.0146, 0.0008, 0.0083, 0.0040, 0.0033, 0.0016, 0.0042, -0.0136, -0.0044, -0.0105, 0.0041, -0.0024, 0.0043, -0.0039, 0.0055, 0.0009, 0.0125, -0.0041)","(0.0178, 0.0276, 0.0149, 0.0167, 0.0183, 0.0152, 0.0193, 0.0111, 0.0106, 0.0180, 0.0152, 0.0225, 0.0176, 0.0093, 0.0228, 0.0179, 0.0172, 0.0186, 0.0272, 0.0140)",9.429e-04,2.040e-02,0.006
GTOA,100000,Sphere,20,20,40,"(-0.0000, 0.0000, -0.0000, -0.0000, 0.0000, 0.0000, -0.0000, 0.0000, -0.0000, -0.0000, 0.0000, 0.0000, 0.0000, -0.0000, 0.0000, 0.0000, 0.0000, 0.0000, 0.0000, 0.0000)","(0.0000, 0.0000, 0.0000, 0.0000, 0.0000, 0.0000, 0.0000, 0.0000, 0.0000, 0.0000, 0.0000, 0.0000, 0.0000, 0.0000, 0.0000, 0.0000, 0.0000, 0.0000, 0.0000, 0.0000)",6.932e-11,1.478e-09,0.000
GTOA,100000,Sphere,20,40,40,"(-0.0000, -0.0000, -0.0000, -0.0000, -0.0000, 0.0000, 0.0000, 0.0000, -0.0000, -0.0000, -0.0000, 0.0000, 0.0000, -0.0000, -0.0000, -0.0000, -0.0000, 0.0000, 0.0000, -0.0000)","(0.0000, 0.0000, 0.0000, 0.0000, 0.0000, 0.0000, 0.0000, 0.0000, 0.0000, 0.0000, 0.0000, 0.0000, 0.0000, 0.0000, 0.0000, 0.0000, 0.0000, 0.0000, 0.0000, 0.0000)",2.219e-25,1.597e-22,0.000
GTOA,100000,Sphere,20,60,40,"(-0.0000, 0.0000, 0.0000, -0.0000, 0.0000, 0.0000, 0.0000, 0.0000, -0.0000, -0.0000, -0.0000, -0.0000, -0.0000, -0.0000, -0.0000, 0.0000, 0.0000, 0.0000, 0.0000, 0.0000)","(0.0000, 0.0000, 0.0000, 0.0000, 0.0000, 0.0000, 0.0000, 0.0000, 0.0000, 0.0000, 0.0000, 0.0000, 0.0000, 0.0000, 0.0000, 0.0000, 0.0000, 0.0000, 0.0000, 0.0000)",1.367e-39,1.322e-36,0.000
GTOA,100000,Sphere,20,80,40,"(-0.0000, 0.0000, 0.0000, -0.0000, -0.0000, -0.0000, 0.0000, -0.0000, 0.0000, -0.0000, -0.0000, -0.0000, 0.0000, 0.0000, -0.0000, -0.0000, 0.0000, -0.0000, 0.0000, -0.0000)","(0.0000, 0.0000, 0.0000, 0.0000, 0.0000, 0.0000, 0.0000, 0.0000, 0.0000, 0.0000, 0.0000, 0.0000, 0.0000, 0.0000, 0.0000, 0.0000, 0.0000, 0.0000, 0.0000, 0.0000)",1.425e-54,4.100e-51,0.000
GTOA,100000,Sphere,20,5,80,"(-0.1853, 0.0232, -0.3518, 0.0442, 0.1048, 0.4244, 0.1695, -0.1487, 0.0156, -0.0105, 0.0032, 0.0569, -0.1808, -0.3269, 0.0694, 0.2018, -0.0065, -0.0618, 0.2812, -0.0949)","(0.2388, 0.3710, 0.4115, 0.5112, 0.3678, 0.4577, 0.2922, 0.4846, 0.5050, 0.1971, 0.2865, 0.4975, 0.4125, 0.4886, 0.4848, 0.3201, 0.3039, 0.5178, 0.4665, 0.6123)",6.831e-01,8.621e+00,2.758
GTOA,100000,Sphere,20,10,80,"(0.0013, -0.0073, 0.0084, -0.0058, -0.0015, -0.0024, 0.0045, 0.0063, 0.0002, 0.0014, 0.0057, 0.0038, 0.0007, 0.0005, 0.0030, 0.0002, -0.0041, 0.0078, -0.0052, -0.0087)","(0.0092, 0.0114, 0.0082, 0.0081, 0.0077, 0.0068, 0.0093, 0.0061, 0.0045, 0.0058, 0.0086, 0.0082, 0.0100, 0.0062, 0.0067, 0.0079, 0.0069, 0.0091, 0.0051, 0.0084)",4.670e-04,4.443e-03,0.001
GTOA,100000,Sphere,20,20,80,"(0.0000, -0.0000, 0.0000, 0.0000, -0.0000, -0.0000, 0.0000, 0.0000, 0.0000, 0.0000, 0.0000, -0.0000, 0.0000, -0.0000, -0.0000, -0.0000, 0.0000, 0.0000, -0.0000, -0.0000)","(0.0000, 0.0000, 0.0000, 0.0000, 0.0000, 0.0000, 0.0000, 0.0000, 0.0000, 0.0000, 0.0000, 0.0000, 0.0000, 0.0000, 0.0000, 0.0000, 0.0000, 0.0000, 0.0000, 0.0000)",5.118e-12,1.384e-10,0.000
GTOA,100000,Sphere,20,40,80,"(-0.0000, -0.0000, -0.0000, 0.0000, 0.0000, 0.0000, -0.0000, 0.0000, 0.0000, 0.0000, -0.0000, 0.0000, 0.0000, -0.0000, 0.0000, -0.0000, -0.0000, -0.0000, 0.0000, 0.0000)","(0.0000, 0.0000, 0.0000, 0.0000, 0.0000, 0.0000, 0.0000, 0.0000, 0.0000, 0.0000, 0.0000, 0.0000, 0.0000, 0.0000, 0.0000, 0.0000, 0.0000, 0.0000, 0.0000, 0.0000)",1.307e-26,2.124e-25,0.000
GTOA,100000,Sphere,20,60,80,"(-0.0000, -0.0000, 0.0000, -0.0000, 0.0000, -0.0000, -0.0000, 0.0000, 0.0000, 0.0000, -0.0000, -0.0000, -0.0000, -0.0000, -0.0000, -0.0000, -0.0000, 0.0000, -0.0000, -0.0000)","(0.0000, 0.0000, 0.0000, 0.0000, 0.0000, 0.0000, 0.0000, 0.0000, 0.0000, 0.0000, 0.0000, 0.0000, 0.0000, 0.0000, 0.0000, 0.0000, 0.0000, 0.0000, 0.0000, 0.0000)",2.536e-41,6.417e-39,0.000
GTOA,100000,Sphere,20,80,80,"(0.0000, -0.0000, -0.0000, -0.0000, -0.0000, 0.0000, -0.0000, 0.0000, 0.0000, 0.0000, -0.0000, -0.0000, -0.0000, 0.0000, 0.0000, 0.0000, 0.0000, -0.0000, 0.0000, 0.0000)","(0.0000, 0.0000, 0.0000, 0.0000, 0.0000, 0.0000, 0.0000, 0.0000, 0.0000, 0.0000, 0.0000, 0.0000, 0.0000, 0.0000, 0.0000, 0.0000, 0.0000, 0.0000, 0.0000, 0.0000)",8.724e-57,5.453e-54,0.000
GTOA,10000,Rastrigin,2,5,10,"(-0.0066, 0.0000)","(0.9144, 0.7742)",8.564e-03,4.465e+00,1.360
GTOA,10000,Rastrigin,2,10,10,"(-0.0010, 0.0000)","(0.5423, 0.6698)",2.167e-04,3.981e+00,1.212
GTOA,10000,Rastrigin,2,20,10,"(-0.0000, 0.0000)","(0.2991, 0.3099)",1.992e-11,1.267e+00,0.455
GTOA,10000,Rastrigin,2,40,10,"(-0.0000, -0.0000)","(0.0027, 0.0027)",0.000e+00,1.634e-02,0.006
GTOA,10000,Rastrigin,2,60,10,"(-0.0000, -0.0000)","(0.0000, 0.0000)",0.000e+00,1.421e-14,0.000
GTOA,10000,Rastrigin,2,80,10,"(-0.0000, -0.0000)","(0.0000, 0.0000)",0.000e+00,0.000e+00,0.000
GTOA,10000,Rastrigin,2,5,20,"(0.0065, 0.0162)","(0.6327, 0.5114)",6.017e-02,4.501e+00,1.272
GTOA,10000,Rastrigin,2,10,20,"(-0.0000, 0.0000)","(0.5367, 0.0143)",2.965e-07,1.190e+00,0.468
GTOA,10000,Rastrigin,2,20,20,"(-0.0000, -0.0000)","(0.0003, 0.0004)",8.527e-14,4.818e-04,0.000
GTOA,10000,Rastrigin,2,40,20,"(0.0000, -0.0000)","(0.0000, 0.0000)",0.000e+00,0.000e+00,0.000
GTOA,10000,Rastrigin,2,60,20,"(0.0000, -0.0000)","(0.0000, 0.0000)",0.000e+00,0.000e+00,0.000
GTOA,10000,Rastrigin,2,80,20,"(0.0000, -0.0000)","(0.0000, 0.0000)",0.000e+00,0.000e+00,0.000
GTOA,10000,Rastrigin,2,5,40,"(-0.0095, -0.0062)","(0.4479, 0.4438)",2.563e-02,2.584e+00,0.824
GTOA,10000,Rastrigin,2,10,40,"(-0.0001, 0.0001)","(0.0090, 0.0118)",2.892e-06,3.570e-01,0.106
GTOA,10000,Rastrigin,2,20,40,"(-0.0000, -0.0000)","(0.0008, 0.0003)",1.421e-14,1.573e-03,0.000
GTOA,10000,Rastrigin,2,40,40,"(0.0000, 0.0000)","(0.0000, 0.0000)",0.000e+00,0.000e+00,0.000
GTOA,10000,Rastrigin,2,60,40,"(0.0000, 0.0000)","(0.0000, 0.0000)",0.000e+00,0.000e+00,0.000
GTOA,10000,Rastrigin,2,80,40,"(0.0000, 0.0000)","(0.0000, 0.0000)",0.000e+00,0.000e+00,0.000
GTOA,10000,Rastrigin,2,5,80,"(-0.0002, 0.0022)","(0.3032, 0.2977)",9.452e-04,1.060e+00,0.405
GTOA,10000,Rastrigin,2,10,80,"(0.0000, -0.0000)","(0.0004, 0.0025)",3.328e-07,1.125e-02,0.003
GTOA,10000,Rastrigin,2,20,80,"(0.0000, -0.0000)","(0.0000, 0.0000)",0.000e+00,1.145e-10,0.000
GTOA,10000,Rastrigin,2,40,80,"(0.0000, 0.0000)","(0.0000, 0.0000)",0.000e+00,0.000e+00,0.000
GTOA,10000,Rastrigin,2,60,80,"(0.0000, 0.0000)","(0.0000, 0.0000)",0.000e+00,0.000e+00,0.000
GTOA,10000,Rastrigin,2,80,80,"(0.0000, 0.0000)","(0.0000, 0.0000)",0.000e+00,0.000e+00,0.000
GTOA,25000,Rastrigin,5,5,10,"(0.0208, -0.0435, -0.0331, -0.0061, -0.0108)","(1.1429, 1.4891, 0.9710, 0.7757, 0.9357)",7.056e-01,2.541e+01,7.280
GTOA,25000,Rastrigin,5,10,10,"(0.0061, -0.0111, -0.0051, 0.0025, 0.0047)","(1.3357, 1.1697, 0.7711, 0.5216, 0.7921)",4.241e-02,1.903e+01,6.796
GTOA,25000,Rastrigin,5,20,10,"(0.0000, -0.0000, -0.0000, -0.0000, -0.0000)","(0.2954, 0.0332, 0.0235, 0.2917, 0.3053)",8.224e-08,8.754e+00,2.703
GTOA,25000,Rastrigin,5,40,10,"(-0.0000, 0.0000, -0.0000, 0.0000, -0.0000)","(0.0000, 0.0000, 0.0000, 0.0000, 0.0000)",0.000e+00,6.354e-06,0.000
GTOA,25000,Rastrigin,5,60,10,"(-0.0000, 0.0000, -0.0000, 0.0000, -0.0000)","(0.0000, 0.0000, 0.0000, 0.0000, 0.0000)",0.000e+00,0.000e+00,0.000
GTOA,25000,Rastrigin,5,80,10,"(-0.0000, 0.0000, -0.0000, 0.0000, -0.0000)","(0.0000, 0.0000, 0.0000, 0.0000, 0.0000)",0.000e+00,0.000e+00,0.000
GTOA,25000,Rastrigin,5,5,20,"(-0.0378, -0.1131, 1.9984, 0.0388, 0.0621)","(0.9923, 0.7435, 1.3331, 0.9955, 1.1100)",7.761e+00,2.254e+01,4.666
GTOA,25000,Rastrigin,5,10,20,"(0.0004, -0.0245, 0.0095, -0.0091, -0.0009)","(0.7173, 0.3043, 0.6534, 0.3915, 0.3441)",1.530e-01,1.094e+01,3.691
GTOA,25000,Rastrigin,5,20,20,"(-0.0000, 0.0000, -0.0000, 0.0000, -0.0000)","(0.0230, 0.3113, 0.2902, 0.0251, 0.2988)",2.796e-07,6.005e+00,1.801
GTOA,25000,Rastrigin,5,40,20,"(-0.0000, 0.0000, 0.0000, -0.0000, -0.0000)","(0.0000, 0.0000, 0.0000, 0.0000, 0.0001)",0.000e+00,1.211e-05,0.000
GTOA,25000,Rastrigin,5,60,20,"(0.0000, -0.0000, -0.0000, -0.0000, -0.0000)","(0.0000, 0.0000, 0.0000, 0.0000, 0.0000)",0.000e+00,0.000e+00,0.000
GTOA,25000,Rastrigin,5,80,20,"(0.0000, -0.0000, -0.0000, -0.0000, -0.0000)","(0.0000, 0.0000, 0.0000, 0.0000, 0.0000)",0.000e+00,0.000e+00,0.000
GTOA,25000,Rastrigin,5,5,40,"(0.0458, -1.0280, -1.0002, -1.0391, 0.0552)","(1.1449, 0.7371, 0.5958, 0.7161, 0.7983)",4.605e+00,1.692e+01,4.679
GTOA,25000,Rastrigin,5,10,40,"(-0.0020, 0.0001, 0.0143, -0.0002, 0.0012)","(0.3032, 0.3839, 0.2867, 0.3109, 0.3098)",4.134e-02,5.935e+00,2.384
GTOA,25000,Rastrigin,5,20,40,"(-0.0000, 0.0000, 0.0000, -0.0000, -0.0000)","(0.0034, 0.0008, 0.0025, 0.0037, 0.0012)",7.858e-09,7.190e-02,0.021
GTOA,25000,Rastrigin,5,40,40,"(0.0000, 0.0000, 0.0000, 0.0000, 0.0000)","(0.0000, 0.0000, 0.0000, 0.0000, 0.0000)",0.000e+00,9.592e-13,0.000
GTOA,25000,Rastrigin,5,60,40,"(0.0000, 0.0000, 0.0000, 0.0000, 0.0000)","(0.0000, 0.0000, 0.0000, 0.0000, 0.0000)",0.000e+00,0.000e+00,0.000
GTOA,25000,Rastrigin,5,80,40,"(0.0000, 0.0000, 0.0000, 0.0000, 0.0000)","(0.0000, 0.0000, 0.0000, 0.0000, 0.0000)",0.000e+00,0.000e+00,0.000
GTOA,25000,Rastrigin,5,5,80,"(0.0329, -0.0309, -0.0313, -0.0014, -0.0234)","(0.8933, 0.8173, 0.8279, 0.7979, 1.0220)",7.058e-01,1.588e+01,4.460
GTOA,25000,Rastrigin,5,10,80,"(0.0037, 0.0018, -0.0075, 0.0090, 0.0013)","(0.4327, 0.2790, 0.4557, 0.5292, 0.4332)",3.097e-02,6.911e+00,2.939
GTOA,25000,Rastrigin,5,20,80,"(0.0000, -0.0000, 0.0000, -0.0000, 0.0000)","(0.0018, 0.0007, 0.0016, 0.0010, 0.0023)",4.563e-09,2.532e-02,0.008
GTOA,25000,Rastrigin,5,40,80,"(-0.0000, -0.0000, 0.0000, -0.0000, 0.0000)","(0.0000, 0.0000, 0.0000, 0.0000, 0.0000)",0.000e+00,0.000e+00,0.000
GTOA,25000,Rastrigin,5,60,80,"(-0.0000, -0.0000, 0.0000, -0.0000, 0.0000)","(0.0000, 0.0000, 0.0000, 0.0000, 0.0000)",0.000e+00,0.000e+00,0.000
GTOA,25000,Rastrigin,5,80,80,"(-0.0000, -0.0000, 0.0000, -0.0000, 0.0000)","(0.0000, 0.0000, 0.0000, 0.0000, 0.0000)",0.000e+00,0.000e+00,0.000
GTOA,50000,Rastrigin,10,5,10,"(0.0687, 0.0099, 0.0131, -0.0644, 0.0350, -0.1140, -0.0138, -0.0618, 0.0830, -0.0865)","(0.8006, 1.6690, 0.4157, 0.7785, 0.9947, 0.4760, 0.7530, 0.8455, 1.0948, 0.3643)",8.068e+00,8.900e+01,21.132
GTOA,50000,Rastrigin,10,10,10,"(0.0008, -0.0003, -0.0007, -0.0011, 0.0022, -0.0012, -0.0018, -0.0013, -0.0003, -0.0001)","(0.0217, 0.0175, 0.0421, 0.0348, 0.0427, 0.0413, 0.0099, 0.0198, 0.0965, 0.0669)",2.714e-03,3.433e+01,10.182
GTOA,50000,Rastrigin,10,20,10,"(0.0000, -0.0000, -0.0000, -0.0000, 0.0000, -0.0000, -0.0000, -0.0000, 0.0000, -0.0000)","(0.0000, 0.0000, 0.0000, 0.0001, 0.0000, 0.0000, 0.0000, 0.0000, 0.0000, 0.0000)",1.331e-09,1.135e-05,0.000
GTOA,50000,Rastrigin,10,40,10,"(0.0000, 0.0000, -0.0000, 0.0000, 0.0000, -0.0000, 0.0000, 0.0000, 0.0000, 0.0000)","(0.0000, 0.0000, 0.0000, 0.0000, 0.0000, 0.0000, 0.0000, 0.0000, 0.0000, 0.0000)",0.000e+00,0.000e+00,0.000
GTOA,50000,Rastrigin,10,60,10,"(0.0000, 0.0000, -0.0000, 0.0000, 0.0000, -0.0000, 0.0000, 0.0000, 0.0000, 0.0000)","(0.0000, 0.0000, 0.0000, 0.0000, 0.0000, 0.0000, 0.0000, 0.0000, 0.0000, 0.0000)",0.000e+00,0.000e+00,0.000
GTOA,50000,Rastrigin,10,80,10,"(0.0000, 0.0000, -0.0000, 0.0000, 0.0000, -0.0000, 0.0000, 0.0000, 0.0000, 0.0000)","(0.0000, 0.0000, 0.0000, 0.0000, 0.0000, 0.0000, 0.0000, 0.0000, 0.0000, 0.0000)",0.000e+00,0.000e+00,0.000
GTOA,50000,Rastrigin,10,5,20,"(0.0085, -0.0242, 0.0305, -0.0157, -0.0131, 0.0465, -0.0252, -0.0306, 0.0406, 0.0048)","(0.7881, 0.8759, 0.6194, 0.6293, 1.0559, 0.9352, 1.4450, 1.1526, 0.7856, 0.7599)",1.465e+00,6.250e+01,18.190
GTOA,50000,Rastrigin,10,10,20,"(0.0003, -0.0001, -0.0007, -0.0000, 0.0004, 0.0001, 0.0000, 0.0005, -0.0001, -0.0005)","(0.0125, 0.0241, 0.2807, 0.3096, 0.0390, 0.5949, 0.3266, 0.2746, 0.0188, 0.2784)",2.528e-04,1.568e+01,4.645
GTOA,50000,Rastrigin,10,20,20,"(-0.0000, -0.0000, 0.0000, 0.0000, -0.0000, -0.0000, 0.0000, 0.0000, -0.0000, 0.0000)","(0.0001, 0.0004, 0.0005, 0.0005, 0.0006, 0.0007, 0.0007, 0.0005, 0.0004, 0.0004)",2.391e-10,4.534e-03,0.001
GTOA,50000,Rastrigin,10,40,20,"(0.0000, 0.0000, 0.0000, -0.0000, -0.0000, 0.0000, -0.0000, 0.0000, -0.0000, 0.0000)","(0.0000, 0.0000, 0.0000, 0.0000, 0.0000, 0.0000, 0.0000, 0.0000, 0.0000, 0.0000)",0.000e+00,0.000e+00,0.000
GTOA,50000,Rastrigin,10,60,20,"(0.0000, 0.0000, 0.0000, -0.0000, -0.0000, 0.0000, -0.0000, 0.0000, -0.0000, 0.0000)","(0.0000, 0.0000, 0.0000, 0.0000, 0.0000, 0.0000, 0.0000, 0.0000, 0.0000, 0.0000)",0.000e+00,0.000e+00,0.000
GTOA,50000,Rastrigin,10,80,20,"(0.0000, 0.0000, 0.0000, -0.0000, -0.0000, 0.0000, -0.0000, 0.0000, -0.0000, 0.0000)","(0.0000, 0.0000, 0.0000, 0.0000, 0.0000, 0.0000, 0.0000, 0.0000, 0.0000, 0.0000)",0.000e+00,0.000e+00,0.000
GTOA,50000,Rastrigin,10,5,40,"(0.0263, -0.0689, 0.2063, -0.0613, -0.0269, 0.0783, 0.1109, 0.1606, -0.0077, -0.0590)","(0.7369, 0.7853, 0.8659, 0.5367, 1.0472, 1.2691, 0.9140, 0.6562, 0.5571, 0.4973)",1.821e+01,5.942e+01,12.819
GTOA,50000,Rastrigin,10,10,40,"(0.0008, -0.0018, 0.0004, 0.0007, 0.0006, 0.0015, -0.0000, -0.0003, 0.0004, -0.0011)","(0.0247, 0.2708, 0.5653, 0.0329, 0.8880, 0.2948, 0.6360, 0.0791, 0.2581, 0.3002)",1.638e-03,4.162e+01,12.169
GTOA,50000,Rastrigin,10,20,40,"(0.0000, -0.0000, -0.0000, 0.0000, 0.0000, -0.0000, -0.0000, -0.0000, -0.0000, 0.0000)","(0.0004, 0.0008, 0.0013, 0.0021, 0.0010, 0.0005, 0.0008, 0.0009, 0.0006, 0.0006)",1.384e-10,2.252e-02,0.007
GTOA,50000,Rastrigin,10,40,40,"(-0.0000, -0.0000, 0.0000, -0.0000, -0.0000, -0.0000, 0.0000, 0.0000, -0.0000, 0.0000)","(0.0000, 0.0000, 0.0000, 0.0000, 0.0000, 0.0000, 0.0000, 0.0000, 0.0000, 0.0000)",0.000e+00,0.000e+00,0.000
GTOA,50000,Rastrigin,10,60,40,"(-0.0000, -0.0000, 0.0000, -0.0000, -0.0000, -0.0000, 0.0000, 0.0000, -0.0000, 0.0000)","(0.0000, 0.0000, 0.0000, 0.0000, 0.0000, 0.0000, 0.0000, 0.0000, 0.0000, 0.0000)",0.000e+00,0.000e+00,0.000
GTOA,50000,Rastrigin,10,80,40,"(-0.0000, -0.0000, 0.0000, -0.0000, -0.0000, -0.0000, 0.0000, 0.0000, -0.0000, 0.0000)","(0.0000, 0.0000, 0.0000, 0.0000, 0.0000, 0.0000, 0.0000, 0.0000, 0.0000, 0.0000)",0.000e+00,0.000e+00,0.000
GTOA,50000,Rastrigin,10,5,80,"(0.0200, -0.0249, -0.0227, -0.0460, -0.0432, 0.0258, 0.0576, 0.0041, -0.0250, 0.0010)","(0.6519, 0.5568, 0.5213, 0.2961, 0.6420, 0.4637, 0.5363, 0.5913, 0.4593, 1.0874)",1.997e+00,4.009e+01,10.780
GTOA,50000,Rastrigin,10,10,80,"(0.0030, 0.0014, -0.0000, 0.0002, -0.0007, -0.0018, -0.0001, 0.0001, -0.0014, 0.0002)","(0.0362, 0.0305, 0.0142, 0.0170, 0.0195, 0.0174, 0.0202, 0.0276, 0.0475, 0.0188)",3.288e-03,9.962e+00,2.963
GTOA,50000,Rastrigin,10,20,80,"(-0.0000, -0.0000, 0.0000, 0.0000, 0.0000, -0.0000, 0.0000, -0.0000, 0.0000, -0.0000)","(0.0000, 0.0000, 0.0000, 0.0000, 0.0000, 0.0000, 0.0000, 0.0000, 0.0000, 0.0000)",8.065e-10,9.653e-06,0.000
GTOA,50000,Rastrigin,10,40,80,"(-0.0000, -0.0000, -0.0000, -0.0000, 0.0000, -0.0000, 0.0000, 0.0000, 0.0000, -0.0000)","(0.0000, 0.0000, 0.0000, 0.0000, 0.0000, 0.0000, 0.0000, 0.0000, 0.0000, 0.0000)",0.000e+00,0.000e+00,0.000
GTOA,50000,Rastrigin,10,60,80,"(-0.0000, -0.0000, -0.0000, -0.0000, 0.0000, -0.0000, 0.0000, 0.0000, 0.0000, -0.0000)","(0.0000, 0.0000, 0.0000, 0.0000, 0.0000, 0.0000, 0.0000, 0.0000, 0.0000, 0.0000)",0.000e+00,0.000e+00,0.000
GTOA,50000,Rastrigin,10,80,80,"(-0.0000, -0.0000, -0.0000, -0.0000, 0.0000, -0.0000, 0.0000, 0.0000, 0.0000, -0.0000)","(0.0000, 0.0000, 0.0000, 0.0000, 0.0000, 0.0000, 0.0000, 0.0000, 0.0000, 0.0000)",0.000e+00,0.000e+00,0.000
GTOA,10000,Rosenbrock,2,5,10,"(1.0052, 1.0094)","(0.4621, 0.5100)",1.175e-04,1.310e+00,0.486
GTOA,10000,Rosenbrock,2,10,10,"(1.0040, 1.0083)","(0.3308, 0.4139)",2.200e-05,6.493e-01,0.275
GTOA,10000,Rosenbrock,2,20,10,"(1.0000, 1.0000)","(0.1512, 0.2465)",1.525e-10,2.229e-01,0.071
GTOA,10000,Rosenbrock,2,40,10,"(1.0000, 1.0000)","(0.0001, 0.0001)",1.274e-21,3.447e-07,0.000
GTOA,10000,Rosenbrock,2,60,10,"(1.0000, 1.0000)","(0.0000, 0.0000)",0.000e+00,2.925e-19,0.000
GTOA,10000,Rosenbrock,2,80,10,"(1.0000, 1.0000)","(0.0000, 0.0000)",0.000e+00,2.219e-28,0.000
GTOA,10000,Rosenbrock,2,5,20,"(1.0362, 1.0703)","(0.3264, 0.4205)",2.395e-03,9.518e-01,0.281
GTOA,10000,Rosenbrock,2,10,20,"(0.9983, 0.9966)","(0.1718, 0.2820)",2.944e-06,3.726e-01,0.110
GTOA,10000,Rosenbrock,2,20,20,"(1.0000, 1.0000)","(0.0073, 0.0147)",1.182e-11,6.419e-04,0.000
GTOA,10000,Rosenbrock,2,40,20,"(1.0000, 1.0000)","(0.0000, 0.0000)",1.410e-23,8.293e-16,0.000
GTOA,10000,Rosenbrock,2,60,20,"(1.0000, 1.0000)","(0.0000, 0.0000)",0.000e+00,6.122e-27,0.000
GTOA,10000,Rosenbrock,2,80,20,"(1.0000, 1.0000)","(0.0000, 0.0000)",0.000e+00,0.000e+00,0.000
GTOA,10000,Rosenbrock,2,5,40,"(0.9933, 0.9881)","(0.1582, 0.2711)",2.897e-04,2.036e-01,0.063
GTOA,10000,Rosenbrock,2,10,40,"(0.9999, 0.9999)","(0.0229, 0.0458)",5.448e-09,4.595e-03,0.001
GTOA,10000,Rosenbrock,2,20,40,"(1.0000, 1.0000)","(0.0000, 0.0000)",2.674e-14,6.472e-09,0.000
GTOA,10000,Rosenbrock,2,40,40,"(1.0000, 1.0000)","(0.0000, 0.0000)",3.334e-26,5.058e-21,0.000
GTOA,10000,Rosenbrock,2,60,40,"(1.0000, 1.0000)","(0.0000, 0.0000)",0.000e+00,0.000e+00,0.000
GTOA,10000,Rosenbrock,2,80,40,"(1.0000, 1.0000)","(0.0000, 0.0000)",0.000e+00,0.000e+00,0.000
GTOA,10000,Rosenbrock,2,5,80,"(1.0027, 1.0056)","(0.0457, 0.0824)",1.209e-05,2.921e-02,0.009
GTOA,10000,Rosenbrock,2,10,80,"(1.0000, 1.0000)","(0.0010, 0.0020)",3.122e-09,1.858e-05,0.000
GTOA,10000,Rosenbrock,2,20,80,"(1.0000, 1.0000)","(0.0000, 0.0000)",5.308e-14,1.472e-11,0.000
GTOA,10000,Rosenbrock,2,40,80,"(1.0000, 1.0000)","(0.0000, 0.0000)",2.198e-26,5.003e-24,0.000
GTOA,10000,Rosenbrock,2,60,80,"(1.0000, 1.0000)","(0.0000, 0.0000)",0.000e+00,0.000e+00,0.000
GTOA,10000,Rosenbrock,2,80,80,"(1.0000, 1.0000)","(0.0000, 0.0000)",0.000e+00,0.000e+00,0.000
GTOA,25000,Rosenbrock,5,5,10,"(0.0130, 0.0142, 0.0097, 0.0115, -0.0005)","(0.0354, 0.0260, 0.0284, 0.0204, 0.0118)",3.946e+00,5.415e+00,0.414
GTOA,25000,Rosenbrock,5,10,10,"(0.0858, 0.0176, 0.0314, -0.0012, 0.0086)","(0.0351, 0.0066, 0.0098, 0.0132, 0.0040)",3.857e+00,3.998e+00,0.047
GTOA,25000,Rosenbrock,5,20,10,"(0.3498, 0.1400, 0.0045, 0.0291, 0.0400)","(0.1484, 0.0606, 0.0214, 0.0235, 0.0129)",3.388e+00,3.983e+00,0.225
GTOA,25000,Rosenbrock,5,40,10,"(0.4053, 0.1622, -0.0036, 0.0207, 0.0384)","(0.1671, 0.0737, 0.0261, 0.0206, 0.0128)",3.299e+00,3.983e+00,0.255
GTOA,25000,Rosenbrock,5,60,10,"(0.5120, 0.2778, 0.0236, -0.0320, -0.0172)","(0.1765, 0.0858, 0.0265, 0.0184, 0.0130)",3.229e+00,3.983e+00,0.273
GTOA,25000,Rosenbrock,5,80,10,"(0.5122, 0.2782, 0.0237, -0.0319, -0.0174)","(0.1761, 0.0846, 0.0262, 0.0191, 0.0137)",3.229e+00,3.983e+00,0.273
GTOA,25000,Rosenbrock,5,5,20,"(0.2075, 0.0539, 0.0080, 0.0327, 0.0055)","(0.0852, 0.0244, 0.0130, 0.0168, 0.0135)",3.565e+00,4.703e+00,0.269
GTOA,25000,Rosenbrock,5,10,20,"(0.4916, 0.2248, 0.0297, 0.0129, -0.0138)","(0.1397, 0.0649, 0.0165, 0.0195, 0.0166)",2.881e+00,3.935e+00,0.303
GTOA,25000,Rosenbrock,5,20,20,"(0.7226, 0.5270, 0.2520, 0.0607, -0.0499)","(0.2084, 0.1623, 0.0755, 0.0289, 0.0260)",2.099e+00,3.923e+00,0.570
GTOA,25000,Rosenbrock,5,40,20,"(0.7178, 0.5204, 0.2503, 0.0630, -0.0509)","(0.2574, 0.2069, 0.0970, 0.0293, 0.0411)",2.096e+00,3.923e+00,0.678
GTOA,25000,Rosenbrock,5,60,20,"(0.6712, 0.4454, 0.1814, 0.0451, -0.0024)","(0.2522, 0.2060, 0.0957, 0.0270, 0.0394)",2.046e+00,3.923e+00,0.688
GTOA,25000,Rosenbrock,5,80,20,"(0.6711, 0.4412, 0.1824, 0.0479, 0.0002)","(0.2534, 0.2077, 0.0984, 0.0268, 0.0400)",2.040e+00,3.923e+00,0.687
GTOA,25000,Rosenbrock,5,5,40,"(0.8754, 0.7736, 0.5881, 0.3467, 0.1128)","(0.2503, 0.2284, 0.1714, 0.1021, 0.0363)",6.845e-01,4.061e+00,0.971
GTOA,25000,Rosenbrock,5,10,40,"(0.8819, 0.7719, 0.5953, 0.3505, 0.1145)","(0.2062, 0.2159, 0.1711, 0.1077, 0.0403)",6.634e-01,3.883e+00,0.893
GTOA,25000,Rosenbrock,5,20,40,"(0.9515, 0.9124, 0.8139, 0.6384, 0.4469)","(0.2053, 0.2490, 0.2362, 0.1902, 0.1373)",4.277e-01,3.653e+00,0.914
GTOA,25000,Rosenbrock,5,40,40,"(0.9580, 0.9231, 0.8519, 0.7184, 0.5087)","(0.1806, 0.2316, 0.2441, 0.2132, 0.1557)",1.227e-01,3.592e+00,0.948
GTOA,25000,Rosenbrock,5,60,40,"(0.9582, 0.9241, 0.8525, 0.7201, 0.5104)","(0.1815, 0.2325, 0.2422, 0.2144, 0.1535)",1.225e-01,3.592e+00,0.935
GTOA,25000,Rosenbrock,5,80,40,"(0.9580, 0.9244, 0.8532, 0.7208, 0.5120)","(0.1822, 0.2332, 0.2427, 0.2142, 0.1550)",1.224e-01,3.592e+00,0.941
GTOA,25000,Rosenbrock,5,5,80,"(0.8755, 0.7799, 0.5840, 0.3323, 0.0901)","(0.2447, 0.2264, 0.1639, 0.0989, 0.0292)",8.088e-01,3.914e+00,0.914
GTOA,25000,Rosenbrock,5,10,80,"(0.9031, 0.8369, 0.6838, 0.4406, 0.1872)","(0.1440, 0.1894, 0.1809, 0.1244, 0.0585)",5.995e-01,3.223e+00,0.698
GTOA,25000,Rosenbrock,5,20,80,"(0.9302, 0.8801, 0.7602, 0.5908, 0.3357)","(0.0707, 0.1226, 0.1614, 0.1548, 0.0991)",3.209e-01,2.155e+00,0.513
GTOA,25000,Rosenbrock,5,40,80,"(0.9839, 0.9600, 0.9277, 0.8531, 0.7224)","(0.0530, 0.0948, 0.1562, 0.2123, 0.2163)",4.758e-02,1.491e+00,0.418
GTOA,25000,Rosenbrock,5,60,80,"(0.9952, 0.9883, 0.9775, 0.9550, 0.9113)","(0.0650, 0.1137, 0.1915, 0.2734, 0.3085)",3.221e-03,1.472e+00,0.471
GTOA,25000,Rosenbrock,5,80,80,"(0.9994, 0.9993, 0.9984, 0.9965, 0.9930)","(0.0697, 0.1233, 0.2104, 0.3082, 0.3714)",6.069e-05,1.468e+00,0.481
GTOA,50000,Rosenbrock,10,5,10,"(0.0425, 0.0180, -0.0017, -0.0005, 0.0081, -0.0068, -0.0058, 0.0214, 0.0078, 0.0098)","(0.0500, 0.0507, 0.0490, 0.0159, 0.0404, 0.0449, 0.0432, 0.0412, 0.0252, 0.0308)",8.938e+00,1.816e+01,2.668
GTOA,50000,Rosenbrock,10,10,10,"(0.0362, -0.0000, 0.0142, 0.0053, 0.0096, -0.0023, 0.0165, 0.0172, 0.0088, 0.0010)","(0.0144, 0.0052, 0.0042, 0.0059, 0.0081, 0.0044, 0.0041, 0.0071, 0.0043, 0.0059)",8.887e+00,8.985e+00,0.030
GTOA,50000,Rosenbrock,10,20,10,"(0.0407, 0.0009, 0.0151, 0.0052, 0.0115, -0.0034, 0.0184, 0.0190, 0.0106, 0.0008)","(0.0153, 0.0047, 0.0041, 0.0063, 0.0066, 0.0053, 0.0047, 0.0072, 0.0044, 0.0071)",8.886e+00,8.984e+00,0.031
GTOA,50000,Rosenbrock,10,40,10,"(0.0401, 0.0006, 0.0147, 0.0052, 0.0111, -0.0034, 0.0182, 0.0185, 0.0104, 0.0009)","(0.0145, 0.0049, 0.0038, 0.0065, 0.0066, 0.0049, 0.0046, 0.0076, 0.0039, 0.0077)",8.886e+00,8.984e+00,0.032
GTOA,50000,Rosenbrock,10,60,10,"(0.0400, 0.0007, 0.0146, 0.0052, 0.0111, -0.0034, 0.0182, 0.0184, 0.0104, 0.0009)","(0.0142, 0.0048, 0.0037, 0.0066, 0.0067, 0.0051, 0.0046, 0.0075, 0.0039, 0.0077)",8.886e+00,8.984e+00,0.032
GTOA,50000,Rosenbrock,10,80,10,"(0.0400, 0.0007, 0.0146, 0.0052, 0.0111, -0.0034, 0.0182, 0.0184, 0.0104, 0.0009)","(0.0142, 0.0048, 0.0037, 0.0066, 0.0067, 0.0051, 0.0046, 0.0075, 0.0039, 0.0076)",8.886e+00,8.984e+00,0.032
GTOA,50000,Rosenbrock,10,5,20,"(0.0045, -0.0013, 0.0028, 0.0058, -0.0072, 0.0096, 0.0081, -0.0015, 0.0068, -0.0079)","(0.0240, 0.0185, 0.0116, 0.0151, 0.0168, 0.0242, 0.0169, 0.0182, 0.0093, 0.0216)",8.981e+00,9.990e+00,0.309
GTOA,50000,Rosenbrock,10,10,20,"(0.0850, 0.0121, 0.0204, -0.0016, -0.0002, 0.0135, -0.0148, 0.0167, 0.0140, 0.0030)","(0.0244, 0.0048, 0.0081, 0.0044, 0.0047, 0.0054, 0.0082, 0.0043, 0.0049, 0.0065)",8.850e+00,8.974e+00,0.035
GTOA,50000,Rosenbrock,10,20,20,"(0.1280, 0.0218, 0.0135, 0.0037, 0.0049, 0.0170, -0.0274, 0.0228, 0.0115, -0.0008)","(0.0340, 0.0059, 0.0082, 0.0046, 0.0037, 0.0052, 0.0134, 0.0054, 0.0047, 0.0076)",8.817e+00,8.957e+00,0.040
GTOA,50000,Rosenbrock,10,40,20,"(0.1272, 0.0219, 0.0130, 0.0036, 0.0048, 0.0171, -0.0271, 0.0230, 0.0114, -0.0008)","(0.0337, 0.0058, 0.0085, 0.0046, 0.0037, 0.0053, 0.0134, 0.0055, 0.0046, 0.0077)",8.817e+00,8.954e+00,0.039
GTOA,50000,Rosenbrock,10,60,20,"(0.1266, 0.0212, 0.0136, 0.0035, 0.0050, 0.0170, -0.0267, 0.0231, 0.0115, -0.0013)","(0.0335, 0.0056, 0.0084, 0.0045, 0.0037, 0.0053, 0.0133, 0.0055, 0.0046, 0.0078)",8.816e+00,8.954e+00,0.039
GTOA,50000,Rosenbrock,10,80,20,"(0.1260, 0.0215, 0.0133, 0.0033, 0.0048, 0.0172, -0.0264, 0.0234, 0.0115, -0.0011)","(0.0333, 0.0057, 0.0084, 0.0045, 0.0039, 0.0053, 0.0132, 0.0056, 0.0046, 0.0077)",8.816e+00,8.954e+00,0.039
GTOA,50000,Rosenbrock,10,5,40,"(0.0143, 0.0006, 0.0105, -0.0015, 0.0235, 0.0161, 0.0062, -0.0037, 0.0053, -0.0107)","(0.0222, 0.0116, 0.0140, 0.0106, 0.0178, 0.0119, 0.0119, 0.0126, 0.0100, 0.0121)",8.968e+00,9.294e+00,0.111
GTOA,50000,Rosenbrock,10,10,40,"(0.0653, 0.0249, -0.0067, 0.0046, 0.0175, 0.0125, 0.0106, 0.0112, 0.0137, 0.0024)","(0.0197, 0.0062, 0.0060, 0.0071, 0.0061, 0.0051, 0.0027, 0.0076, 0.0052, 0.0051)",8.836e+00,8.929e+00,0.026
GTOA,50000,Rosenbrock,10,20,40,"(0.4074, 0.1686, -0.0047, -0.0124, 0.0019, 0.0398, 0.0334, -0.0102, 0.0413, -0.0014)","(0.1135, 0.0487, 0.0072, 0.0088, 0.0073, 0.0093, 0.0076, 0.0094, 0.0120, 0.0078)",8.438e+00,8.918e+00,0.135
GTOA,50000,Rosenbrock,10,40,40,"(0.4161, 0.1762, 0.0212, -0.0060, 0.0019, 0.0471, 0.0485, -0.0135, 0.0260, 0.0072)","(0.1154, 0.0509, 0.0053, 0.0079, 0.0071, 0.0114, 0.0118, 0.0103, 0.0087, 0.0079)",8.322e+00,8.918e+00,0.169
GTOA,50000,Rosenbrock,10,60,40,"(0.4149, 0.1756, 0.0206, -0.0061, 0.0020, 0.0467, 0.0480, -0.0135, 0.0262, 0.0071)","(0.1152, 0.0504, 0.0048, 0.0086, 0.0069, 0.0116, 0.0114, 0.0108, 0.0083, 0.0075)",8.322e+00,8.918e+00,0.169
GTOA,50000,Rosenbrock,10,80,40,"(0.4148, 0.1756, 0.0205, -0.0062, 0.0020, 0.0467, 0.0480, -0.0135, 0.0263, 0.0070)","(0.1152, 0.0503, 0.0049, 0.0082, 0.0068, 0.0116, 0.0115, 0.0107, 0.0083, 0.0080)",8.322e+00,8.918e+00,0.169
GTOA,50000,Rosenbrock,10,5,80,"(0.0135, -0.0009, 0.0180, 0.0024, 0.0039, 0.0067, 0.0032, -0.0012, 0.0131, 0.0073)","(0.0201, 0.0079, 0.0076, 0.0139, 0.0070, 0.0059, 0.0080, 0.0096, 0.0104, 0.0051)",8.946e+00,9.253e+00,0.084
GTOA,50000,Rosenbrock,10,10,80,"(0.2562, 0.0723, 0.0349, 0.0280, 0.0085, -0.0190, 0.0146, 0.0307, 0.0271, 0.0144)","(0.0800, 0.0197, 0.0087, 0.0069, 0.0054, 0.0132, 0.0062, 0.0080, 0.0092, 0.0121)",8.576e+00,8.940e+00,0.104
GTOA,50000,Rosenbrock,10,20,80,"(0.3209, 0.1018, 0.0164, 0.0259, 0.0127, -0.0275, 0.0064, 0.0403, 0.0282, 0.0170)","(0.0937, 0.0285, 0.0073, 0.0088, 0.0079, 0.0143, 0.0089, 0.0150, 0.0098, 0.0080)",8.490e+00,8.907e+00,0.140
GTOA,50000,Rosenbrock,10,40,80,"(0.3785, 0.1474, 0.0302, 0.0286, 0.0067, -0.0255, 0.0064, 0.0522, 0.0366, 0.0266)","(0.1060, 0.0396, 0.0097, 0.0086, 0.0090, 0.0152, 0.0109, 0.0176, 0.0101, 0.0104)",8.458e+00,8.888e+00,0.152
GTOA,50000,Rosenbrock,10,60,80,"(0.3751, 0.1463, 0.0301, 0.0265, 0.0078, -0.0256, 0.0069, 0.0519, 0.0360, 0.0273)","(0.1035, 0.0386, 0.0114, 0.0087, 0.0090, 0.0150, 0.0110, 0.0178, 0.0101, 0.0112)",8.457e+00,8.888e+00,0.151
GTOA,50000,Rosenbrock,10,80,80,"(0.3746, 0.1458, 0.0302, 0.0264, 0.0079, -0.0256, 0.0069, 0.0519, 0.0359, 0.0272)","(0.1037, 0.0387, 0.0110, 0.0086, 0.0089, 0.0149, 0.0112, 0.0177, 0.0101, 0.0110)",8.457e+00,8.887e+00,0.150
GTOA,10000,Beale,2,5,10,"(3.0077, 0.4998)","(2.0553, 0.4062)",1.114e-04,1.517e+00,0.490
GTOA,10000,Beale,2,10,10,"(3.0009, 0.5003)","(2.4653, 0.3502)",3.132e-07,1.307e+00,0.429
GTOA,10000,Beale,2,20,10,"(3.0000, 0.5000)","(2.7002, 0.2924)",4.527e-15,9.131e-01,0.337
GTOA,10000,Beale,2,40,10,"(3.0000, 0.5000)","(3.0000, 0.2746)",9.962e-25,7.621e-01,0.305
GTOA,10000,Beale,2,60,10,"(3.0000, 0.5000)","(3.0000, 0.2746)",0.000e+00,7.621e-01,0.305
GTOA,10000,Beale,2,80,10,"(3.0000, 0.5000)","(3.0000, 0.2746)",0.000e+00,7.621e-01,0.305
GTOA,10000,Beale,2,5,20,"(2.9675, 0.4927)","(2.2004, 0.3219)",1.911e-04,9.974e-01,0.390
GTOA,10000,Beale,2,10,20,"(3.0014, 0.5003)","(2.9919, 0.2745)",4.876e-07,7.694e-01,0.306
GTOA,10000,Beale,2,20,20,"(3.0000, 0.5000)","(3.0000, 0.2746)",7.065e-14,7.621e-01,0.305
GTOA,10000,Beale,2,40,20,"(3.0000, 0.5000)","(3.0000, 0.2746)",2.062e-26,7.621e-01,0.305
GTOA,10000,Beale,2,60,20,"(3.0000, 0.5000)","(3.0000, 0.2746)",0.000e+00,7.621e-01,0.305
GTOA,10000,Beale,2,80,20,"(3.0000, 0.5000)","(3.0000, 0.2746)",0.000e+00,7.621e-01,0.305
GTOA,10000,Beale,2,5,40,"(2.9911, 0.4977)","(0.0630, 0.0158)",1.282e-05,4.700e-03,0.001
GTOA,10000,Beale,2,10,40,"(3.0000, 0.5000)","(0.0012, 0.0002)",1.918e-09,2.425e-06,0.000
GTOA,10000,Beale,2,20,40,"(3.0000, 0.5000)","(0.0000, 0.0000)",6.001e-15,2.139e-12,0.000
GTOA,10000,Beale,2,40,40,"(3.0000, 0.5000)","(0.0000, 0.0000)",5.088e-27,9.390e-25,0.000
GTOA,10000,Beale,2,60,40,"(3.0000, 0.5000)","(0.0000, 0.0000)",0.000e+00,0.000e+00,0.000
GTOA,10000,Beale,2,80,40,"(3.0000, 0.5000)","(0.0000, 0.0000)",0.000e+00,0.000e+00,0.000
GTOA,10000,Beale,2,5,80,"(3.0046, 0.5007)","(0.0185, 0.0050)",8.349e-06,5.085e-04,0.000
GTOA,10000,Beale,2,10,80,"(3.0002, 0.5001)","(0.0005, 0.0001)",1.031e-08,9.796e-07,0.000
GTOA,10000,Beale,2,20,80,"(3.0000, 0.5000)","(0.0000, 0.0000)",2.028e-16,2.206e-13,0.000
GTOA,10000,Beale,2,40,80,"(3.0000, 0.5000)","(0.0000, 0.0000)",1.366e-28,5.769e-26,0.000
GTOA,10000,Beale,2,60,80,"(3.0000, 0.5000)","(0.0000, 0.0000)",0.000e+00,0.000e+00,0.000
GTOA,10000,Beale,2,80,80,"(3.0000, 0.5000)","(0.0000, 0.0000)",0.000e+00,0.000e+00,0.000
GTOA,10000,BukinN6,2,5,10,"(-5.0000, 0.2500)","(2.4323, 0.4049)",7.567e-01,4.562e+00,1.337
GTOA,10000,BukinN6,2,10,10,"(-5.6417, 0.3183)","(2.4131, 0.4028)",1.431e-01,9.873e-01,0.263
GTOA,10000,BukinN6,2,20,10,"(-10.5823, 1.1198)","(2.4068, 0.4016)",1.040e-02,9.902e-02,0.024
GTOA,10000,BukinN6,2,40,10,"(-10.5822, 1.1198)","(2.4069, 0.4016)",5.831e-03,5.000e-02,0.014
GTOA,10000,BukinN6,2,60,10,"(-10.5822, 1.1198)","(2.4069, 0.4016)",5.822e-03,5.000e-02,0.014
GTOA,10000,BukinN6,2,80,10,"(-10.5822, 1.1198)","(2.3620, 0.3942)",5.822e-03,5.000e-02,0.014
GTOA,10000,BukinN6,2,5,20,"(-12.9793, 1.6845)","(3.2219, 0.6345)",8.987e-01,6.074e+00,1.653
GTOA,10000,BukinN6,2,10,20,"(-9.4682, 0.8965)","(3.4016, 0.6646)",7.999e-02,1.111e+00,0.339
GTOA,10000,BukinN6,2,20,20,"(-12.9820, 1.6853)","(3.3837, 0.6618)",3.331e-02,1.585e-01,0.039
GTOA,10000,BukinN6,2,40,20,"(-9.4686, 0.8965)","(3.0089, 0.5761)",7.768e-03,4.694e-02,0.012
GTOA,10000,BukinN6,2,60,20,"(-10.0277, 1.0055)","(3.0180, 0.5770)",5.446e-04,4.692e-02,0.016
GTOA,10000,BukinN6,2,80,20,"(-10.0277, 1.0055)","(3.0181, 0.5770)",5.446e-04,4.692e-02,0.016
GTOA,10000,BukinN6,2,5,40,"(-6.0489, 0.3658)","(2.2771, 0.4871)",7.211e-01,2.948e+00,0.753
GTOA,10000,BukinN6,2,10,40,"(-7.0276, 0.4939)","(2.4169, 0.5142)",1.149e-01,1.866e+00,0.516
GTOA,10000,BukinN6,2,20,40,"(-10.1585, 1.0320)","(2.4440, 0.5112)",9.231e-03,1.045e-01,0.032
GTOA,10000,BukinN6,2,40,40,"(-10.1591, 1.0321)","(2.3609, 0.4994)",2.070e-03,4.913e-02,0.014
GTOA,10000,BukinN6,2,60,40,"(-10.1494, 1.0301)","(2.3611, 0.4994)",1.502e-03,4.893e-02,0.014
GTOA,10000,BukinN6,2,80,40,"(-10.1494, 1.0301)","(2.3611, 0.4994)",1.494e-03,4.893e-02,0.014
GTOA,10000,BukinN6,2,5,80,"(-5.0000, 0.2500)","(2.7354, 0.4597)",3.598e-01,1.627e+00,0.394
GTOA,10000,BukinN6,2,10,80,"(-12.3203, 1.5179)","(2.6561, 0.4575)",1.141e-01,4.078e-01,0.094
GTOA,10000,BukinN6,2,20,80,"(-10.3321, 1.0675)","(2.7816, 0.4781)",9.957e-03,1.086e-01,0.027
GTOA,10000,BukinN6,2,40,80,"(-10.3327, 1.0677)","(2.7719, 0.4768)",3.357e-03,5.366e-02,0.016
GTOA,10000,BukinN6,2,60,80,"(-10.3327, 1.0677)","(2.6627, 0.4602)",3.329e-03,4.994e-02,0.015
GTOA,10000,BukinN6,2,80,80,"(-10.3327, 1.0677)","(2.6626, 0.4602)",3.327e-03,4.994e-02,0.015
